{"cameraMode":{"drawMode":0,"name":"Shaded","section":"Shading Mode"},"sceneLighting":true,"audioPlay":false,"sceneViewState":{"showFog":true,"showMaterialUpdate":false,"showSkybox":false,"showFlares":true,"showImageEffects":true,"showParticleSystems":true},"in2DMode":false,"pivot":{"x":582.0,"y":1.3999996185302735,"z":81.7803955078125},"rotation":{"x":-0.056729916483163837,"y":0.9205420613288879,"z":-0.35790207982063296,"w":-0.14591218531131745},"size":24.248714447021486,"orthographic":false}